date,incidence,Rt,lambda1,lambda1_std,mobility_retail,mobility_retail_std
2020-04-12,29592,NA,NA,NA,-89,-2.96708112943422
2020-04-13,28661,NA,NA,NA,-78,-2.4495478879920105
2020-04-14,27729,NA,NA,NA,-71,-2.120208552528786
2020-04-15,26820,NA,NA,NA,-72,-2.1672570290235322
2020-04-16,25734,NA,NA,NA,-73,-2.2143055055182788
2020-04-17,24645,NA,NA,NA,-75,-2.3084024585077714
2020-04-18,23534,NA,NA,NA,-81,-2.5906933174762496
2020-04-19,22411,NA,NA,NA,-80,-2.543644840981503
2020-04-20,21212,NA,NA,NA,-71,-2.120208552528786
2020-04-21,20077,NA,NA,NA,-72,-2.1672570290235322
2020-04-22,18986,NA,NA,NA,-72,-2.1672570290235322
2020-04-23,17944,NA,NA,NA,-72,-2.1672570290235322
2020-04-24,16922,NA,NA,NA,-73,-2.2143055055182788
2020-04-25,15961,NA,NA,NA,-78,-2.4495478879920105
2020-04-26,15053,0.778645,NA,NA,-78,-2.4495478879920105
2020-04-27,14223,0.7771035,NA,NA,-69,-2.0261115995392935
2020-04-28,13445,0.774203,NA,NA,-74,-2.2613539820130253
2020-04-29,12722,0.7730655,NA,NA,-73,-2.2143055055182788
2020-04-30,12052,0.773297,NA,NA,-74,-2.2613539820130253
2020-05-01,11447,0.7742055,NA,NA,-74,-2.2613539820130253
2020-05-02,10894,0.7766655,NA,NA,-78,-2.4495478879920105
2020-05-03,10405,0.7799595,NA,NA,-79,-2.4965963644867566
2020-05-04,9946,0.7839625,NA,NA,-69,-2.0261115995392935
2020-05-05,9518,0.787295,2.2146166814148005,-1.355316516925658,-70,-2.0731600760340396
2020-05-06,9127,0.7919155,2.2146166814148005,-1.355316516925658,-69,-2.0261115995392935
2020-05-07,8757,0.794451,2.2146166814148005,-1.355316516925658,-67,-1.9320146465498007
2020-05-08,8412,0.798978,2.2146166814148005,-1.355316516925658,-75,-2.3084024585077714
2020-05-09,8085,0.801759,2.2146166814148005,-1.355316516925658,-78,-2.4495478879920105
2020-05-10,7795,0.8038065,2.2146166814148005,-1.355316516925658,-80,-2.543644840981503
2020-05-11,7519,0.805372,2.2146166814148005,-1.355316516925658,-67,-1.9320146465498007
2020-05-12,7250,0.806026,2.2146166814148005,-1.355316516925658,-68,-1.979063123044547
2020-05-13,7000,0.8068725,2.484706002407445,-1.2068103460694333,-68,-1.979063123044547
2020-05-14,6751,0.807192,2.484706002407445,-1.2068103460694333,-67,-1.9320146465498007
2020-05-15,6515,0.80609,2.484706002407445,-1.2068103460694333,-69,-2.0261115995392935
2020-05-16,6286,0.8044955,2.484706002407445,-1.2068103460694333,-74,-2.2613539820130253
2020-05-17,6050,0.8024965,2.484706002407445,-1.2068103460694333,-74,-2.2613539820130253
2020-05-18,5832,0.7998125,2.484706002407445,-1.2068103460694333,-63,-1.7438207405708153
2020-05-19,5624,0.798589,2.484706002407445,-1.2068103460694333,-64,-1.7908692170655618
2020-05-20,5417,0.796846,3.006532162881494,-0.9198889503630204,-64,-1.7908692170655618
2020-05-21,5228,0.795319,3.006532162881494,-0.9198889503630204,-64,-1.7908692170655618
2020-05-22,5046,0.793064,3.006532162881494,-0.9198889503630204,-66,-1.8849661700550544
2020-05-23,4876,0.7913665,3.006532162881494,-0.9198889503630204,-72,-2.1672570290235322
2020-05-24,4721,0.7905625,3.006532162881494,-0.9198889503630204,-71,-2.120208552528786
2020-05-25,4572,0.789522,3.006532162881494,-0.9198889503630204,-64,-1.7908692170655618
2020-05-26,4431,0.788938,3.006532162881494,-0.9198889503630204,-60,-1.6026753110865763
2020-05-27,4298,0.789946,2.730817236280533,-1.0714883095932541,-61,-1.6497237875813227
2020-05-28,4180,0.790934,2.730817236280533,-1.0714883095932541,-60,-1.6026753110865763
2020-05-29,4056,0.7921435,2.730817236280533,-1.0714883095932541,-62,-1.696772264076069
2020-05-30,3956,0.793672,2.730817236280533,-1.0714883095932541,-69,-2.0261115995392935
2020-05-31,3866,0.794712,2.730817236280533,-1.0714883095932541,-67,-1.9320146465498007
2020-06-01,3783,0.796505,2.730817236280533,-1.0714883095932541,-56,-1.414481405107591
2020-06-02,3703,0.798103,2.730817236280533,-1.0714883095932541,-59,-1.55562683459183
2020-06-03,3633,0.8010145,2.956075137538584,-0.9476322894885061,-62,-1.696772264076069
2020-06-04,3565,0.8033805,2.956075137538584,-0.9476322894885061,-61,-1.6497237875813227
2020-06-05,3507,0.805432,2.956075137538584,-0.9476322894885061,-63,-1.7438207405708153
2020-06-06,3454,0.8075435,2.956075137538584,-0.9476322894885061,-70,-2.0731600760340396
2020-06-07,3404,0.809766,2.956075137538584,-0.9476322894885061,-67,-1.9320146465498007
2020-06-08,3350,0.8116695,2.956075137538584,-0.9476322894885061,-56,-1.414481405107591
2020-06-09,3312,0.8128075,2.956075137538584,-0.9476322894885061,-58,-1.5085783580970837
2020-06-10,3274,0.814505,2.2918040055291904,-1.3128757647302813,-61,-1.6497237875813227
2020-06-11,3244,0.8161035,2.2918040055291904,-1.3128757647302813,-59,-1.55562683459183
2020-06-12,3220,0.818188,2.2918040055291904,-1.3128757647302813,-61,-1.6497237875813227
2020-06-13,3197,0.82147,2.2918040055291904,-1.3128757647302813,-65,-1.837917693560308
2020-06-14,3176,0.8237,2.2918040055291904,-1.3128757647302813,-63,-1.7438207405708153
2020-06-15,3158,0.827293,2.2918040055291904,-1.3128757647302813,-46,-0.9439966401601276
2020-06-16,3144,0.8301135,2.2918040055291904,-1.3128757647302813,-50,-1.1321905461391129
2020-06-17,3137,0.8329055,2.755703655242894,-1.057804737163063,-52,-1.2262874991286057
2020-06-18,3135,0.836091,2.755703655242894,-1.057804737163063,-54,-1.3203844521180983
2020-06-19,3137,0.8398565,2.755703655242894,-1.057804737163063,-53,-1.273335975623352
2020-06-20,3139,0.8437165,2.755703655242894,-1.057804737163063,-57,-1.4615298816023374
2020-06-21,3146,0.846964,2.755703655242894,-1.057804737163063,-58,-1.5085783580970837
2020-06-22,3152,0.8504615,2.755703655242894,-1.057804737163063,-45,-0.8969481636653812
2020-06-23,3167,0.8532145,2.755703655242894,-1.057804737163063,-48,-1.0380935931496202
2020-06-24,3183,0.8562055,2.7605124303300403,-1.0551606756649028,-49,-1.0851420696443665
2020-06-25,3201,0.858874,2.7605124303300403,-1.0551606756649028,-49,-1.0851420696443665
2020-06-26,3219,0.8611195,2.7605124303300403,-1.0551606756649028,-51,-1.1792390226338594
2020-06-27,3232,0.862543,2.7605124303300403,-1.0551606756649028,-59,-1.55562683459183
2020-06-28,3246,0.862806,2.7605124303300403,-1.0551606756649028,-56,-1.414481405107591
2020-06-29,3257,0.862397,2.7605124303300403,-1.0551606756649028,-45,-0.8969481636653812
2020-06-30,3267,0.860518,2.7605124303300403,-1.0551606756649028,-45,-0.8969481636653812
2020-07-01,3268,0.8594365,2.834056976712091,-1.014722871865715,-47,-0.9910451166548739
2020-07-02,3272,0.858338,2.834056976712091,-1.014722871865715,-47,-0.9910451166548739
2020-07-03,3270,0.856305,2.834056976712091,-1.014722871865715,-49,-1.0851420696443665
2020-07-04,3265,0.8538585,2.834056976712091,-1.014722871865715,-51,-1.1792390226338594
2020-07-05,3258,0.8521195,2.834056976712091,-1.014722871865715,-48,-1.0380935931496202
2020-07-06,3252,0.850256,2.834056976712091,-1.014722871865715,-36,-0.4735118752126642
2020-07-07,3243,0.849277,2.834056976712091,-1.014722871865715,-40,-0.6617057811916496
2020-07-08,3243,0.848704,2.834056976712091,-1.014722871865715,-42,-0.7558027341811422
2020-07-09,3237,0.8485025,2.9154710552458423,-0.9699580769734186,-42,-0.7558027341811422
2020-07-10,3239,0.8491055,2.9154710552458423,-0.9699580769734186,-41,-0.7087542576863959
2020-07-11,3239,0.849474,2.9154710552458423,-0.9699580769734186,-47,-0.9910451166548739
2020-07-12,3243,0.850795,2.9154710552458423,-0.9699580769734186,-43,-0.8028512106758886
2020-07-13,3253,0.8517945,2.9154710552458423,-0.9699580769734186,-35,-0.42646339871791783
2020-07-14,3258,0.852993,2.9154710552458423,-0.9699580769734186,-36,-0.4735118752126642
2020-07-15,3261,0.854008,2.9154710552458423,-0.9699580769734186,-33,-0.33236644572842516
2020-07-16,3265,0.854449,2.9154710552458423,-0.9699580769734186,-31,-0.2382694927389325
2020-07-17,3274,0.8555155,2.9154710552458423,-0.9699580769734186,-33,-0.33236644572842516
2020-07-18,3277,0.8560315,2.9154710552458423,-0.9699580769734186,-40,-0.6617057811916496
2020-07-19,3278,0.855733,2.9154710552458423,-0.9699580769734186,-35,-0.42646339871791783
2020-07-20,3272,0.855024,2.9154710552458423,-0.9699580769734186,-25,0.044021366229545535
2020-07-21,3273,0.8533495,2.9154710552458423,-0.9699580769734186,-28,-0.09712406325469349
2020-07-22,3265,0.8516225,2.9154710552458423,-0.9699580769734186,-29,-0.14417253974943983
2020-07-23,3257,0.84936,2.9154710552458423,-0.9699580769734186,-30,-0.19122101624418616
2020-07-24,3248,0.846105,2.9154710552458423,-0.9699580769734186,-32,-0.28531796923367886
2020-07-25,3232,0.842943,2.9154710552458423,-0.9699580769734186,-40,-0.6617057811916496
2020-07-26,3213,0.840328,2.9154710552458423,-0.9699580769734186,-33,-0.33236644572842516
2020-07-27,3193,0.8385475,2.9154710552458423,-0.9699580769734186,-29,-0.14417253974943983
2020-07-28,3177,0.8375415,2.9154710552458423,-0.9699580769734186,-26,-0.0030271102652008027
2020-07-29,3164,0.8372325,2.9154710552458423,-0.9699580769734186,-25,0.044021366229545535
2020-07-30,3157,0.8373315,2.9154710552458423,-0.9699580769734186,-23,0.13811831921903822
2020-07-31,3151,0.838703,2.9154710552458423,-0.9699580769734186,-29,-0.14417253974943983
2020-08-01,3153,0.841836,3.0439109099328983,-0.8993365842953571,-36,-0.4735118752126642
2020-08-02,3163,0.846002,3.0439109099328983,-0.8993365842953571,-28,-0.09712406325469349
2020-08-03,3187,0.8526445,3.0439109099328983,-0.8993365842953571,-15,0.5145061311770089
2020-08-04,3218,0.861425,3.0439109099328983,-0.8993365842953571,-19,0.32631222519802355
2020-08-05,3267,0.8711785,3.0439109099328983,-0.8993365842953571,-16,0.4674576546822626
2020-08-06,3328,0.882636,3.0439109099328983,-0.8993365842953571,-23,0.13811831921903822
2020-08-07,3405,0.8951655,3.0439109099328983,-0.8993365842953571,-28,-0.09712406325469349
2020-08-08,3496,0.908649,3.0439109099328983,-0.8993365842953571,-35,-0.42646339871791783
2020-08-09,3601,0.9226775,4.686176363277633,0.003648224986793706,-28,-0.09712406325469349
2020-08-10,3718,0.937553,4.686176363277633,0.003648224986793706,-11,0.7027000371559943
2020-08-11,3854,0.9526105,4.686176363277633,0.003648224986793706,-13,0.6086030841665017
2020-08-12,4002,0.9673365,4.686176363277633,0.003648224986793706,-14,0.5615546076717552
2020-08-13,4169,0.9814865,4.706642667461279,0.014901437274941389,-24,0.09106984272429187
2020-08-14,4348,0.993898,4.706642667461279,0.014901437274941389,-26,-0.0030271102652008027
2020-08-15,4540,1.005135,4.706642667461279,0.014901437274941389,-33,-0.33236644572842516
2020-08-16,4745,1.01648,4.706642667461279,0.014901437274941389,-29,-0.14417253974943983
2020-08-17,4959,1.025565,4.706642667461279,0.014901437274941389,-9,0.796796990145487
2020-08-18,5190,1.034695,4.706642667461279,0.014901437274941389,-11,0.7027000371559943
2020-08-19,5429,1.04246,4.706642667461279,0.014901437274941389,-15,0.5145061311770089
2020-08-20,5681,1.04891,4.706642667461279,0.014901437274941389,-19,0.32631222519802355
2020-08-21,5950,1.055215,4.706642667461279,0.014901437274941389,-26,-0.0030271102652008027
2020-08-22,6240,1.062145,4.706642667461279,0.014901437274941389,-31,-0.2382694927389325
2020-08-23,6545,1.06929,4.706642667461279,0.014901437274941389,-26,-0.0030271102652008027
2020-08-24,6864,1.07629,4.436296694305159,-0.13374585145258475,-3,1.079087849113965
2020-08-25,7201,1.082685,4.436296694305159,-0.13374585145258475,-13,0.6086030841665017
2020-08-26,7561,1.08841,4.436296694305159,-0.13374585145258475,-3,1.079087849113965
2020-08-27,7944,1.093575,4.436296694305159,-0.13374585145258475,-21,0.2322152722085309
2020-08-28,8347,1.09857,4.436296694305159,-0.13374585145258475,-20,0.27926374870327725
2020-08-29,8764,1.103855,4.3996540282809224,-0.15389349002349667,-27,-0.050075586759947145
2020-08-30,9200,1.1081,4.3996540282809224,-0.15389349002349667,-15,0.5145061311770089
2020-08-31,9654,1.11135,4.3996540282809224,-0.15389349002349667,3,1.361378708082443
2020-09-01,10124,1.113595,4.3996540282809224,-0.15389349002349667,-15,0.5145061311770089
2020-09-02,10623,1.11533,4.3996540282809224,-0.15389349002349667,-20,0.27926374870327725
2020-09-03,11111,1.116405,4.3996540282809224,-0.15389349002349667,-20,0.27926374870327725
2020-09-04,11616,1.11707,4.3996540282809224,-0.15389349002349667,-21,0.2322152722085309
2020-09-05,12168,1.118,4.3996540282809224,-0.15389349002349667,-26,-0.0030271102652008027
2020-09-06,12749,1.12011,4.3996540282809224,-0.15389349002349667,-21,0.2322152722085309
2020-09-07,13360,1.123575,9.409868419655119,2.600927588044954,-17,0.4204091781875163
2020-09-08,14024,1.12847,9.409868419655119,2.600927588044954,-19,0.32631222519802355
2020-09-09,14745,1.13565,9.409868419655119,2.600927588044954,-20,0.27926374870327725
2020-09-10,15552,1.14414,9.409868419655119,2.600927588044954,-20,0.27926374870327725
2020-09-11,16447,1.153975,9.409868419655119,2.600927588044954,-22,0.18516679571378455
2020-09-12,17432,1.164785,9.409868419655119,2.600927588044954,-27,-0.050075586759947145
2020-09-13,18550,1.176525,10.731185213672289,3.327441679184666,-21,0.2322152722085309
2020-09-14,19765,1.1887,10.731185213672289,3.327441679184666,-17,0.4204091781875163
2020-09-15,21143,1.201395,10.731185213672289,3.327441679184666,-19,0.32631222519802355
2020-09-16,22655,1.21366,8.416280203220118,2.0546120917923414,-21,0.2322152722085309
2020-09-17,24274,1.223535,8.416280203220118,2.0546120917923414,-20,0.27926374870327725
2020-09-18,26038,1.23022,8.416280203220118,2.0546120917923414,-22,0.18516679571378455
2020-09-19,27876,1.23559,8.416280203220118,2.0546120917923414,-27,-0.050075586759947145
2020-09-20,29786,1.236735,8.416280203220118,2.0546120917923414,-22,0.18516679571378455
2020-09-21,31757,1.234485,8.416280203220118,2.0546120917923414,-17,0.4204091781875163
2020-09-22,33726,1.22925,8.416280203220118,2.0546120917923414,-22,0.18516679571378455
2020-09-23,35698,1.22041,8.416280203220118,2.0546120917923414,-27,-0.050075586759947145
2020-09-24,37626,1.20961,7.694037567205012,1.6574935092822587,-26,-0.0030271102652008027
2020-09-25,39438,1.196335,7.694037567205012,1.6574935092822587,-25,0.044021366229545535
2020-09-26,41169,1.18229,7.694037567205012,1.6574935092822587,-28,-0.09712406325469349
2020-09-27,42806,1.16819,7.694037567205012,1.6574935092822587,-25,0.044021366229545535
2020-09-28,44378,1.15403,7.694037567205012,1.6574935092822587,-19,0.32631222519802355
2020-09-29,45914,1.14176,7.694037567205012,1.6574935092822587,-22,0.18516679571378455
2020-09-30,47386,1.131335,7.390021950596436,1.4903332715612598,-26,-0.0030271102652008027
2020-10-01,48877,1.122625,7.390021950596436,1.4903332715612598,-23,0.13811831921903822
2020-10-02,50389,1.11705,7.390021950596436,1.4903332715612598,-30,-0.19122101624418616
2020-10-03,51988,1.11364,7.390021950596436,1.4903332715612598,-34,-0.3794149222231715
2020-10-04,53672,1.112595,7.390021950596436,1.4903332715612598,-31,-0.2382694927389325
2020-10-05,55489,1.113085,7.390021950596436,1.4903332715612598,-24,0.09106984272429187
2020-10-06,57458,1.11572,7.390021950596436,1.4903332715612598,-26,-0.0030271102652008027
2020-10-07,59518,1.118355,7.390021950596436,1.4903332715612598,-24,0.09106984272429187
2020-10-08,61706,1.12143,7.390021950596436,1.4903332715612598,-27,-0.050075586759947145
2020-10-09,63978,1.123645,7.390021950596436,1.4903332715612598,-28,-0.09712406325469349
2020-10-10,66199,1.12422,6.9489478682008485,1.2478126757829633,-31,-0.2382694927389325
2020-10-11,68466,1.12295,6.9489478682008485,1.2478126757829633,-27,-0.050075586759947145
2020-10-12,70592,1.119,6.9489478682008485,1.2478126757829633,-27,-0.050075586759947145
2020-10-13,72572,1.11227,6.9489478682008485,1.2478126757829633,-29,-0.14417253974943983
2020-10-14,74315,1.102925,6.9489478682008485,1.2478126757829633,-27,-0.050075586759947145
2020-10-15,75746,1.09123,5.644956719478805,0.5308249340410585,-27,-0.050075586759947145
2020-10-16,76834,1.078115,5.644956719478805,0.5308249340410585,-27,-0.050075586759947145
2020-10-17,77606,1.063915,5.644956719478805,0.5308249340410585,-33,-0.33236644572842516
2020-10-18,78110,1.049415,5.644956719478805,0.5308249340410585,-30,-0.19122101624418616
2020-10-19,78344,1.03574,5.644956719478805,0.5308249340410585,-26,-0.0030271102652008027
2020-10-20,78380,1.02355,5.644956719478805,0.5308249340410585,-28,-0.09712406325469349
2020-10-21,78248,1.013205,5.644956719478805,0.5308249340410585,-31,-0.2382694927389325
2020-10-22,78072,1.004765,5.644956719478805,0.5308249340410585,-26,-0.0030271102652008027
2020-10-23,77949,0.9994805,5.644956719478805,0.5308249340410585,-28,-0.09712406325469349
2020-10-24,77935,0.9973565,5.644956719478805,0.5308249340410585,-38,-0.5676088282021569
2020-10-25,78103,0.998085,3.515531351025336,-0.6400203494040522,-29,-0.14417253974943983
2020-10-26,78490,1.001435,3.515531351025336,-0.6400203494040522,-21,0.2322152722085309
2020-10-27,79083,1.00674,3.515531351025336,-0.6400203494040522,-27,-0.050075586759947145
2020-10-28,79819,1.01279,3.515531351025336,-0.6400203494040522,-23,0.13811831921903822
2020-10-29,80798,1.01942,4.86687124875638,0.10300167382782899,-27,-0.050075586759947145
2020-10-30,81878,1.02591,4.86687124875638,0.10300167382782899,-26,-0.0030271102652008027
2020-10-31,83025,1.03045,4.86687124875638,0.10300167382782899,-38,-0.5676088282021569
2020-11-01,84021,1.03292,4.86687124875638,0.10300167382782899,-29,-0.14417253974943983
2020-11-02,84840,1.0317,4.86687124875638,0.10300167382782899,-17,0.4204091781875163
2020-11-03,85386,1.02673,4.86687124875638,0.10300167382782899,-17,0.4204091781875163
2020-11-04,85445,1.018015,6.306312436853778,0.8944653949088306,-11,0.7027000371559943
2020-11-05,85010,1.005585,6.306312436853778,0.8944653949088306,-54,-1.3203844521180983
2020-11-06,83991,0.9903785,6.306312436853778,0.8944653949088306,-55,-1.3674329286128446
2020-11-07,82461,0.972328,6.306312436853778,0.8944653949088306,-60,-1.6026753110865763
2020-11-08,80392,0.9524545,6.306312436853778,0.8944653949088306,-60,-1.6026753110865763
2020-11-09,77898,0.932148,6.306312436853778,0.8944653949088306,-47,-0.9910451166548739
2020-11-10,75145,0.912729,6.306312436853778,0.8944653949088306,-48,-1.0380935931496202
2020-11-11,72137,0.8947875,6.306312436853778,0.8944653949088306,-49,-1.0851420696443665
2020-11-12,69118,0.879182,7.317445316123791,1.4504276653730837,-48,-1.0380935931496202
2020-11-13,66224,0.8678255,7.317445316123791,1.4504276653730837,-49,-1.0851420696443665
2020-11-14,63509,0.8603255,7.317445316123791,1.4504276653730837,-59,-1.55562683459183
2020-11-15,61115,0.8577605,7.317445316123791,1.4504276653730837,-57,-1.4615298816023374
2020-11-16,59132,0.860378,7.317445316123791,1.4504276653730837,-46,-0.9439966401601276
2020-11-17,57592,0.8685625,7.317445316123791,1.4504276653730837,-48,-1.0380935931496202
2020-11-18,56505,0.881658,5.739311839071067,0.5827052433395868,-49,-1.0851420696443665
2020-11-19,55819,0.898886,5.739311839071067,0.5827052433395868,-48,-1.0380935931496202
2020-11-20,55632,0.92006,5.739311839071067,0.5827052433395868,-50,-1.1321905461391129
2020-11-21,55873,0.9436575,5.739311839071067,0.5827052433395868,-56,-1.414481405107591
2020-11-22,56512,0.9683,5.739311839071067,0.5827052433395868,-53,-1.273335975623352
2020-11-23,57473,0.992357,5.739311839071067,0.5827052433395868,-44,-0.8498996871706349
2020-11-24,58663,1.01383,5.739311839071067,0.5827052433395868,-47,-0.9910451166548739
2020-11-25,60043,1.032645,6.86408854093411,1.2011535420286088,-47,-0.9910451166548739
2020-11-26,61472,1.046325,6.86408854093411,1.2011535420286088,-46,-0.9439966401601276
2020-11-27,62908,1.055095,6.86408854093411,1.2011535420286088,-47,-0.9910451166548739
2020-11-28,64249,1.059865,6.86408854093411,1.2011535420286088,-55,-1.3674329286128446
2020-11-29,65381,1.059875,6.86408854093411,1.2011535420286088,-53,-1.273335975623352
2020-11-30,66378,1.057265,6.86408854093411,1.2011535420286088,-41,-0.7087542576863959
2020-12-01,67202,1.05276,6.86408854093411,1.2011535420286088,-43,-0.8028512106758886
2020-12-02,67943,1.04777,6.86408854093411,1.2011535420286088,-31,-0.2382694927389325
2020-12-03,68718,1.04415,6.86408854093411,1.2011535420286088,-34,-0.3794149222231715
2020-12-04,69625,1.043655,6.86408854093411,1.2011535420286088,-35,-0.42646339871791783
2020-12-05,70749,1.04701,6.86408854093411,1.2011535420286088,-36,-0.4735118752126642
2020-12-06,72355,1.05574,6.040331613979791,0.7482182445919198,-36,-0.4735118752126642
2020-12-07,74479,1.06982,6.040331613979791,0.7482182445919198,-26,-0.0030271102652008027
2020-12-08,77324,1.08953,6.040331613979791,0.7482182445919198,-31,-0.2382694927389325
2020-12-09,80982,1.113205,6.040331613979791,0.7482182445919198,-31,-0.2382694927389325
2020-12-10,85587,1.14105,5.769412964707657,0.599256075080446,-32,-0.28531796923367886
2020-12-11,91160,1.170985,5.769412964707657,0.599256075080446,-33,-0.33236644572842516
2020-12-12,97787,1.200135,5.769412964707657,0.599256075080446,-37,-0.5205603517074106
2020-12-13,105224,1.2266,5.769412964707657,0.599256075080446,-41,-0.7087542576863959
2020-12-14,113496,1.24752,5.769412964707657,0.599256075080446,-25,0.044021366229545535
2020-12-15,122372,1.26064,5.769412964707657,0.599256075080446,-25,0.044021366229545535
2020-12-16,131287,1.264705,5.769412964707657,0.599256075080446,-33,-0.33236644572842516
2020-12-17,139764,1.25797,5.769412964707657,0.599256075080446,-29,-0.14417253974943983
2020-12-18,147378,1.240865,5.769412964707657,0.599256075080446,-33,-0.33236644572842516
2020-12-19,153629,1.21458,5.769412964707657,0.599256075080446,-40,-0.6617057811916496
2020-12-20,158035,1.18116,3.1799189776059507,-0.8245537781427608,-43,-0.8028512106758886
2020-12-21,160466,1.14211,3.1799189776059507,-0.8245537781427608,-26,-0.0030271102652008027
2020-12-22,160723,1.09953,3.1799189776059507,-0.8245537781427608,-26,-0.0030271102652008027
2020-12-23,159013,1.0571,3.1799189776059507,-0.8245537781427608,-27,-0.050075586759947145
2020-12-24,155613,1.01577,2.6336030044482635,-1.1249406759033342,-35,-0.42646339871791783
2020-12-25,151125,0.979399,2.6336030044482635,-1.1249406759033342,-92,-3.1082265589184592
2020-12-26,146002,0.948009,2.6336030044482635,-1.1249406759033342,-81,-2.5906933174762496
2020-12-27,140608,0.923105,2.6336030044482635,-1.1249406759033342,-58,-1.5085783580970837
2020-12-28,135387,0.905174,2.6336030044482635,-1.1249406759033342,-51,-1.1792390226338594
2020-12-29,130708,0.894296,2.6336030044482635,-1.1249406759033342,-47,-0.9910451166548739
2020-12-30,126731,0.8900125,2.55233874478136,-1.1696230942464367,-42,-0.7558027341811422
2020-12-31,123547,0.892385,2.55233874478136,-1.1696230942464367,-53,-1.273335975623352
2021-01-01,121320,0.9008345,2.55233874478136,-1.1696230942464367,-83,-2.6847902704657423
2021-01-02,119921,0.9136955,2.55233874478136,-1.1696230942464367,-68,-1.979063123044547
2021-01-03,119256,0.9300225,2.55233874478136,-1.1696230942464367,-64,-1.7908692170655618
2021-01-04,119372,0.947613,2.55233874478136,-1.1696230942464367,-53,-1.273335975623352
2021-01-05,120005,0.96523,2.7585610723825154,-1.0562336121871307,-61,-1.6497237875813227
2021-01-06,120757,0.9809905,2.7585610723825154,-1.0562336121871307,-62,-1.696772264076069
2021-01-07,121690,0.9926075,2.7585610723825154,-1.0562336121871307,-62,-1.696772264076069
2021-01-08,122459,0.9999035,2.7585610723825154,-1.0562336121871307,-64,-1.7908692170655618
2021-01-09,122771,1.0026,2.7585610723825154,-1.0562336121871307,-68,-1.979063123044547
2021-01-10,122606,0.9998285,2.7585610723825154,-1.0562336121871307,-68,-1.979063123044547
2021-01-11,121835,0.992322,2.7585610723825154,-1.0562336121871307,-59,-1.55562683459183
2021-01-12,120299,0.9802935,2.7585610723825154,-1.0562336121871307,-61,-1.6497237875813227
2021-01-13,118045,0.9654995,2.5216094962003486,-1.1865192937084634,-64,-1.7908692170655618
2021-01-14,115113,0.9489955,2.5216094962003486,-1.1865192937084634,-66,-1.8849661700550544
2021-01-15,111734,0.9314055,2.5216094962003486,-1.1865192937084634,-64,-1.7908692170655618
2021-01-16,107912,0.9144805,2.5216094962003486,-1.1865192937084634,-70,-2.0731600760340396
2021-01-17,103802,0.8980245,2.5216094962003486,-1.1865192937084634,-67,-1.9320146465498007
2021-01-18,99567,0.883395,2.5216094962003486,-1.1865192937084634,-60,-1.6026753110865763
2021-01-19,95365,0.870311,2.5216094962003486,-1.1865192937084634,-63,-1.7438207405708153
2021-01-20,91179,0.859432,2.5216094962003486,-1.1865192937084634,-65,-1.837917693560308
2021-01-21,87116,0.850969,2.5806807011836383,-1.1540395258017182,-62,-1.696772264076069
2021-01-22,83082,0.8447195,2.5806807011836383,-1.1540395258017182,-62,-1.696772264076069
2021-01-23,79338,0.8393785,2.5806807011836383,-1.1540395258017182,-67,-1.9320146465498007
2021-01-24,75736,0.835749,2.5806807011836383,-1.1540395258017182,-71,-2.120208552528786
2021-01-25,72289,0.833045,2.5806807011836383,-1.1540395258017182,-59,-1.55562683459183
2021-01-26,68984,0.830625,2.2211332477347465,-1.3517334418609013,-62,-1.696772264076069
2021-01-27,65811,0.828497,2.2211332477347465,-1.3517334418609013,-60,-1.6026753110865763
2021-01-28,62725,0.8263075,2.2211332477347465,-1.3517334418609013,-61,-1.6497237875813227
2021-01-29,59726,0.8235305,2.2211332477347465,-1.3517334418609013,-60,-1.6026753110865763
2021-01-30,56880,0.820681,2.2211332477347465,-1.3517334418609013,-67,-1.9320146465498007
2021-01-31,54077,0.8179315,2.2211332477347465,-1.3517334418609013,-65,-1.837917693560308
2021-02-01,51367,0.8150775,2.2211332477347465,-1.3517334418609013,-56,-1.414481405107591
2021-02-02,48740,0.81199,2.2211332477347465,-1.3517334418609013,-61,-1.6497237875813227
2021-02-03,46213,0.8092705,2.2211332477347465,-1.3517334418609013,-60,-1.6026753110865763
2021-02-04,43815,0.806517,2.687666092623486,-1.0952145757374436,-60,-1.6026753110865763
2021-02-05,41594,0.8047795,2.687666092623486,-1.0952145757374436,-59,-1.55562683459183
2021-02-06,39493,0.803841,2.687666092623486,-1.0952145757374436,-65,-1.837917693560308
2021-02-07,37520,0.802921,2.687666092623486,-1.0952145757374436,-68,-1.979063123044547
2021-02-08,35654,0.8033925,2.687666092623486,-1.0952145757374436,-60,-1.6026753110865763
2021-02-09,33906,0.804455,2.687666092623486,-1.0952145757374436,-61,-1.6497237875813227
2021-02-10,32299,0.805836,2.62285922394829,-1.1308480464602555,-59,-1.55562683459183
2021-02-11,30779,0.80801,2.62285922394829,-1.1308480464602555,-58,-1.5085783580970837
2021-02-12,29371,0.8104875,2.62285922394829,-1.1308480464602555,-58,-1.5085783580970837
2021-02-13,28087,0.8135845,2.62285922394829,-1.1308480464602555,-63,-1.7438207405708153
2021-02-14,26893,0.8176445,2.62285922394829,-1.1308480464602555,-65,-1.837917693560308
2021-02-15,25784,0.8219105,2.62285922394829,-1.1308480464602555,-52,-1.2262874991286057
2021-02-16,24791,0.826609,2.62285922394829,-1.1308480464602555,-55,-1.3674329286128446
2021-02-17,23908,0.832363,2.615879158212076,-1.1346859724878386,-55,-1.3674329286128446
2021-02-18,23092,0.838035,2.615879158212076,-1.1346859724878386,-55,-1.3674329286128446
2021-02-19,22368,0.8448885,2.615879158212076,-1.1346859724878386,-57,-1.4615298816023374
2021-02-20,21735,0.8524475,2.615879158212076,-1.1346859724878386,-62,-1.696772264076069
2021-02-21,21175,0.8600835,2.615879158212076,-1.1346859724878386,-60,-1.6026753110865763
2021-02-22,20691,0.868274,2.615879158212076,-1.1346859724878386,-52,-1.2262874991286057
2021-02-23,20286,0.8773115,2.615879158212076,-1.1346859724878386,-55,-1.3674329286128446
2021-02-24,19920,0.886518,2.47432308991539,-1.2125192966153617,-54,-1.3203844521180983
2021-02-25,19628,0.8953525,2.47432308991539,-1.2125192966153617,-53,-1.273335975623352
2021-02-26,19394,0.904712,2.47432308991539,-1.2125192966153617,-51,-1.1792390226338594
2021-02-27,19207,0.9146,2.47432308991539,-1.2125192966153617,-56,-1.414481405107591
2021-02-28,19068,0.922995,2.47432308991539,-1.2125192966153617,-55,-1.3674329286128446
2021-03-01,18978,0.931427,2.47432308991539,-1.2125192966153617,-49,-1.0851420696443665
2021-03-02,18917,0.9395785,2.47432308991539,-1.2125192966153617,-52,-1.2262874991286057
2021-03-03,18901,0.947376,2.47432308991539,-1.2125192966153617,-54,-1.3203844521180983
2021-03-04,18889,0.954804,2.47432308991539,-1.2125192966153617,-54,-1.3203844521180983
2021-03-05,18930,0.962385,3.258934313357079,-0.7811079102787789,-53,-1.273335975623352
2021-03-06,19004,0.9681625,3.258934313357079,-0.7811079102787789,-57,-1.4615298816023374
2021-03-07,19077,0.9735735,3.258934313357079,-0.7811079102787789,-56,-1.414481405107591
2021-03-08,19176,0.9777105,3.258934313357079,-0.7811079102787789,-47,-0.9910451166548739
2021-03-09,19258,0.981101,3.258934313357079,-0.7811079102787789,-49,-1.0851420696443665
2021-03-10,19353,0.983076,5.0132169854851885,0.18346855383202007,-55,-1.3674329286128446
2021-03-11,19434,0.98439,5.0132169854851885,0.18346855383202007,-53,-1.273335975623352
2021-03-12,19498,0.983572,5.0132169854851885,0.18346855383202007,-52,-1.2262874991286057
2021-03-13,19534,0.9818105,5.0132169854851885,0.18346855383202007,-56,-1.414481405107591
2021-03-14,19505,0.978085,5.0132169854851885,0.18346855383202007,-58,-1.5085783580970837
2021-03-15,19447,0.972902,5.0132169854851885,0.18346855383202007,-47,-0.9910451166548739
2021-03-16,19360,0.966217,5.0132169854851885,0.18346855383202007,-49,-1.0851420696443665
2021-03-17,19202,0.9593105,5.0132169854851885,0.18346855383202007,-49,-1.0851420696443665
2021-03-18,18992,0.9519075,5.502345240533036,0.4524113019117229,-51,-1.1792390226338594
2021-03-19,18711,0.942544,5.502345240533036,0.4524113019117229,-51,-1.1792390226338594
2021-03-20,18398,0.933794,5.502345240533036,0.4524113019117229,-57,-1.4615298816023374
2021-03-21,18036,0.9248985,5.502345240533036,0.4524113019117229,-55,-1.3674329286128446
2021-03-22,17659,0.916209,5.502345240533036,0.4524113019117229,-45,-0.8969481636653812
2021-03-23,17248,0.908164,5.502345240533036,0.4524113019117229,-48,-1.0380935931496202
2021-03-24,16846,0.9007915,5.502345240533036,0.4524113019117229,-48,-1.0380935931496202
2021-03-25,16423,0.893885,5.502345240533036,0.4524113019117229,-49,-1.0851420696443665
2021-03-26,15972,0.888071,4.776584150752333,0.05335812941436134,-51,-1.1792390226338594
2021-03-27,15547,0.8833645,4.776584150752333,0.05335812941436134,-55,-1.3674329286128446
2021-03-28,15136,0.87904,4.776584150752333,0.05335812941436134,-58,-1.5085783580970837
2021-03-29,14722,0.8757615,4.776584150752333,0.05335812941436134,-41,-0.7087542576863959
2021-03-30,14316,0.8727065,4.776584150752333,0.05335812941436134,-42,-0.7558027341811422
2021-03-31,13928,0.870658,4.776584150752333,0.05335812941436134,-42,-0.7558027341811422
2021-04-01,13543,0.868271,4.776584150752333,0.05335812941436134,-39,-0.6146573046969032
2021-04-02,13132,0.865439,3.3090013622385346,-0.7535789961842491,-49,-1.0851420696443665
2021-04-03,12723,0.8617935,3.3090013622385346,-0.7535789961842491,-55,-1.3674329286128446
2021-04-04,12327,0.858358,3.3090013622385346,-0.7535789961842491,-69,-2.0261115995392935
2021-04-05,11932,0.853215,3.3090013622385346,-0.7535789961842491,-47,-0.9910451166548739
2021-04-06,11523,0.8470535,3.3090013622385346,-0.7535789961842491,-45,-0.8969481636653812
2021-04-07,11088,0.8405475,3.3090013622385346,-0.7535789961842491,-46,-0.9439966401601276
2021-04-08,10630,0.8325985,3.3090013622385346,-0.7535789961842491,-46,-0.9439966401601276
2021-04-09,10172,0.8235805,3.3090013622385346,-0.7535789961842491,-48,-1.0380935931496202
2021-04-10,9696,0.814517,3.1164181367463657,-0.8594691412809586,-57,-1.4615298816023374
2021-04-11,9228,0.8042465,3.1164181367463657,-0.8594691412809586,-52,-1.2262874991286057
2021-04-12,8749,0.7938695,3.1164181367463657,-0.8594691412809586,-19,0.32631222519802355
2021-04-13,8287,0.783909,3.1164181367463657,-0.8594691412809586,-26,-0.0030271102652008027
2021-04-14,7841,0.7750785,3.1164181367463657,-0.8594691412809586,-26,-0.0030271102652008027
2021-04-15,7403,0.766774,3.1164181367463657,-0.8594691412809586,-27,-0.050075586759947145
2021-04-16,6979,0.7605575,3.1164181367463657,-0.8594691412809586,-30,-0.19122101624418616
2021-04-17,6602,0.755654,5.29110217282136,0.3362612113028552,-37,-0.5205603517074106
2021-04-18,6254,0.753233,5.29110217282136,0.3362612113028552,-33,-0.33236644572842516
2021-04-19,5946,0.75198,5.29110217282136,0.3362612113028552,-25,0.044021366229545535
2021-04-20,5665,0.754004,5.29110217282136,0.3362612113028552,-29,-0.14417253974943983
2021-04-21,5426,0.7579365,5.29110217282136,0.3362612113028552,-29,-0.14417253974943983
2021-04-22,5230,0.7650245,5.29110217282136,0.3362612113028552,-28,-0.09712406325469349
2021-04-23,5064,0.7745865,5.29110217282136,0.3362612113028552,-29,-0.14417253974943983
2021-04-24,4949,0.7867105,7.301260347740897,1.4415285068608588,-34,-0.3794149222231715
2021-04-25,4865,0.801716,7.301260347740897,1.4415285068608588,-31,-0.2382694927389325
2021-04-26,4810,0.81807,7.301260347740897,1.4415285068608588,-24,0.09106984272429187
2021-04-27,4788,0.835762,7.301260347740897,1.4415285068608588,-30,-0.19122101624418616
2021-04-28,4804,0.8554375,7.301260347740897,1.4415285068608588,-30,-0.19122101624418616
2021-04-29,4855,0.8753885,7.301260347740897,1.4415285068608588,-28,-0.09712406325469349
2021-04-30,4939,0.8980055,7.301260347740897,1.4415285068608588,-26,-0.0030271102652008027
2021-05-01,5044,0.920441,6.636121267570299,1.0758077981710954,-31,-0.2382694927389325
2021-05-02,5187,0.9419905,6.636121267570299,1.0758077981710954,-26,-0.0030271102652008027
2021-05-03,5361,0.962456,6.636121267570299,1.0758077981710954,-29,-0.14417253974943983
2021-05-04,5559,0.982695,6.636121267570299,1.0758077981710954,-31,-0.2382694927389325
2021-05-05,5786,1.002065,6.636121267570299,1.0758077981710954,-29,-0.14417253974943983
2021-05-06,6034,1.01972,6.636121267570299,1.0758077981710954,-27,-0.050075586759947145
2021-05-07,6306,1.035235,6.636121267570299,1.0758077981710954,-28,-0.09712406325469349
2021-05-08,6609,1.0496,7.809623336349833,1.721047299258414,-42,-0.7558027341811422
2021-05-09,6936,1.0633,7.809623336349833,1.721047299258414,-30,-0.19122101624418616
2021-05-10,7279,1.074435,7.809623336349833,1.721047299258414,-26,-0.0030271102652008027
2021-05-11,7647,1.084675,7.809623336349833,1.721047299258414,-27,-0.050075586759947145
2021-05-12,8041,1.09178,7.809623336349833,1.721047299258414,-25,0.044021366229545535
2021-05-13,8446,1.098615,7.809623336349833,1.721047299258414,-29,-0.14417253974943983
2021-05-14,8863,1.102465,7.809623336349833,1.721047299258414,-27,-0.050075586759947145
2021-05-15,9287,1.105745,7.809623336349833,1.721047299258414,-34,-0.3794149222231715
2021-05-16,9719,1.10736,8.08930321793096,1.8748267531312561,-32,-0.28531796923367886
2021-05-17,10153,1.106475,8.08930321793096,1.8748267531312561,-17,0.4204091781875163
2021-05-18,10570,1.10316,8.08930321793096,1.8748267531312561,-20,0.27926374870327725
2021-05-19,10983,1.097825,8.08930321793096,1.8748267531312561,-18,0.3733607016927699
2021-05-20,11362,1.09106,8.08930321793096,1.8748267531312561,-24,0.09106984272429187
2021-05-21,11716,1.08233,6.779739365475777,1.1547749106330416,-25,0.044021366229545535
2021-05-22,12015,1.07134,6.779739365475777,1.1547749106330416,-24,0.09106984272429187
2021-05-23,12286,1.06021,6.779739365475777,1.1547749106330416,-24,0.09106984272429187
2021-05-24,12512,1.04807,6.779739365475777,1.1547749106330416,-19,0.32631222519802355
2021-05-25,12707,1.036145,6.779739365475777,1.1547749106330416,-20,0.27926374870327725
2021-05-26,12859,1.025175,6.779739365475777,1.1547749106330416,-17,0.4204091781875163
2021-05-27,12999,1.0155,6.779739365475777,1.1547749106330416,-12,0.655651560661248
2021-05-28,13096,1.007455,6.779739365475777,1.1547749106330416,-11,0.7027000371559943
2021-05-29,13209,1.001865,6.779739365475777,1.1547749106330416,-18,0.3733607016927699
2021-05-30,13337,1.000255,3.794157891162417,-0.4868200657993443,-5,0.9849908961244723
2021-05-31,13496,1.00095,3.794157891162417,-0.4868200657993443,-1,1.1731848021034577
2021-06-01,13711,1.005485,3.794157891162417,-0.4868200657993443,-5,0.9849908961244723
2021-06-02,13996,1.01407,3.794157891162417,-0.4868200657993443,-6,0.937942419629726
2021-06-03,14363,1.02627,7.940876857293577,1.7932158608850457,-6,0.937942419629726
2021-06-04,14841,1.0422,7.940876857293577,1.7932158608850457,-13,0.6086030841665017
2021-06-05,15428,1.061275,7.940876857293577,1.7932158608850457,-20,0.27926374870327725
2021-06-06,16139,1.08196,7.940876857293577,1.7932158608850457,-15,0.5145061311770089
2021-06-07,16994,1.105515,7.940876857293577,1.7932158608850457,-10,0.7497485136507406
2021-06-08,18010,1.129335,7.940876857293577,1.7932158608850457,-11,0.7027000371559943
2021-06-09,19184,1.15405,5.650372426941052,0.533802711817462,-11,0.7027000371559943
2021-06-10,20513,1.177245,5.650372426941052,0.533802711817462,-12,0.655651560661248
2021-06-11,22011,1.20005,5.650372426941052,0.533802711817462,-15,0.5145061311770089
2021-06-12,23708,1.219615,5.650372426941052,0.533802711817462,-21,0.2322152722085309
2021-06-13,25587,1.236495,5.650372426941052,0.533802711817462,-19,0.32631222519802355
2021-06-14,27631,1.249025,5.650372426941052,0.533802711817462,-12,0.655651560661248
2021-06-15,29826,1.25896,5.650372426941052,0.533802711817462,-12,0.655651560661248
2021-06-16,32167,1.265005,5.650372426941052,0.533802711817462,-12,0.655651560661248
2021-06-17,34614,1.26625,5.650372426941052,0.533802711817462,-15,0.5145061311770089
2021-06-18,37142,1.26443,5.650372426941052,0.533802711817462,-19,0.32631222519802355
2021-06-19,39746,1.260525,5.650372426941052,0.533802711817462,-21,0.2322152722085309
2021-06-20,42407,1.255555,7.112514935736013,1.3377485488065781,-14,0.5615546076717552
2021-06-21,45189,1.248555,7.112514935736013,1.3377485488065781,-16,0.4674576546822626
2021-06-22,48020,1.24122,7.112514935736013,1.3377485488065781,-14,0.5615546076717552
2021-06-23,50924,1.23351,7.112514935736013,1.3377485488065781,-13,0.6086030841665017
2021-06-24,53887,1.226065,7.112514935736013,1.3377485488065781,-13,0.6086030841665017
2021-06-25,56969,1.219805,7.112514935736013,1.3377485488065781,-14,0.5615546076717552
2021-06-26,60206,1.2149,7.112514935736013,1.3377485488065781,-19,0.32631222519802355
2021-06-27,63642,1.210895,4.718947503670291,0.021667140197580256,-16,0.4674576546822626
2021-06-28,67217,1.20778,4.718947503670291,0.021667140197580256,-12,0.655651560661248
2021-06-29,70938,1.205355,4.718947503670291,0.021667140197580256,-16,0.4674576546822626
2021-06-30,74848,1.20289,5.583907261338537,0.49725744152436824,-12,0.655651560661248
2021-07-01,78844,1.19988,5.583907261338537,0.49725744152436824,-11,0.7027000371559943
2021-07-02,82874,1.196095,5.583907261338537,0.49725744152436824,-14,0.5615546076717552
2021-07-03,86829,1.189755,5.583907261338537,0.49725744152436824,-22,0.18516679571378455
2021-07-04,90694,1.181705,5.583907261338537,0.49725744152436824,-17,0.4204091781875163
2021-07-05,94278,1.17059,5.583907261338537,0.49725744152436824,-11,0.7027000371559943
2021-07-06,97617,1.156305,5.583907261338537,0.49725744152436824,-16,0.4674576546822626
2021-07-07,100331,1.139005,5.583907261338537,0.49725744152436824,-12,0.655651560661248
2021-07-08,102497,1.11943,5.583907261338537,0.49725744152436824,-12,0.655651560661248
2021-07-09,103890,1.096625,4.302559710853984,-0.20727992248213545,-14,0.5615546076717552
2021-07-10,104518,1.072725,4.302559710853984,-0.20727992248213545,-20,0.27926374870327725
2021-07-11,104379,1.04778,4.302559710853984,-0.20727992248213545,-14,0.5615546076717552
2021-07-12,103555,1.022915,4.302559710853984,-0.20727992248213545,-16,0.4674576546822626
2021-07-13,102091,0.998704,4.302559710853984,-0.20727992248213545,-13,0.6086030841665017
2021-07-14,100026,0.976109,4.302559710853984,-0.20727992248213545,-10,0.7497485136507406
2021-07-15,97617,0.955907,4.302559710853984,-0.20727992248213545,-11,0.7027000371559943
2021-07-16,94975,0.9384975,4.6604955353851505,-0.010472146010155992,-13,0.6086030841665017
2021-07-17,92274,0.9239325,4.6604955353851505,-0.010472146010155992,-23,0.13811831921903822
2021-07-18,89592,0.913243,4.6604955353851505,-0.010472146010155992,-16,0.4674576546822626
2021-07-19,86998,0.9061165,4.6604955353851505,-0.010472146010155992,-7,0.8908939431349796
2021-07-20,84688,0.903301,4.6604955353851505,-0.010472146010155992,-10,0.7497485136507406
2021-07-21,82659,0.904225,4.6604955353851505,-0.010472146010155992,-9,0.796796990145487
2021-07-22,81123,0.908055,4.6604955353851505,-0.010472146010155992,-9,0.796796990145487
2021-07-23,79903,0.915135,3.3423121112337975,-0.7352633820627487,-11,0.7027000371559943
2021-07-24,79054,0.925289,3.3423121112337975,-0.7352633820627487,-20,0.27926374870327725
2021-07-25,78480,0.9369445,3.3423121112337975,-0.7352633820627487,-14,0.5615546076717552
2021-07-26,78296,0.9503495,3.3423121112337975,-0.7352633820627487,-4,1.0320393726192187
2021-07-27,78516,0.964658,3.3423121112337975,-0.7352633820627487,-8,0.8438454666402333
2021-07-28,78993,0.978482,3.3423121112337975,-0.7352633820627487,-7,0.8908939431349796
2021-07-29,79656,0.991353,3.3423121112337975,-0.7352633820627487,-4,1.0320393726192187
2021-07-30,80493,1.00297,3.296694182659673,-0.7603459875876093,-11,0.7027000371559943
2021-07-31,81498,1.013305,3.296694182659673,-0.7603459875876093,-17,0.4204091781875163
2021-08-01,82515,1.021345,3.296694182659673,-0.7603459875876093,-9,0.796796990145487
2021-08-02,83631,1.02763,3.296694182659673,-0.7603459875876093,-1,1.1731848021034577
2021-08-03,84668,1.03185,3.296694182659673,-0.7603459875876093,-3,1.079087849113965
2021-08-04,85699,1.034015,3.296694182659673,-0.7603459875876093,-3,1.079087849113965
2021-08-05,86640,1.03446,3.296694182659673,-0.7603459875876093,-7,0.8908939431349796
2021-08-06,87521,1.033955,3.362612074318835,-0.7241016309235255,-11,0.7027000371559943
2021-08-07,88285,1.031715,3.362612074318835,-0.7241016309235255,-19,0.32631222519802355
2021-08-08,88934,1.028645,3.362612074318835,-0.7241016309235255,-13,0.6086030841665017
2021-08-09,89357,1.023885,3.362612074318835,-0.7241016309235255,-3,1.079087849113965
2021-08-10,89621,1.018605,3.362612074318835,-0.7241016309235255,-1,1.1731848021034577
2021-08-11,89726,1.012875,3.362612074318835,-0.7241016309235255,-3,1.079087849113965
2021-08-12,89642,1.006925,3.362612074318835,-0.7241016309235255,-2,1.1261363256087114
2021-08-13,89419,1.00069,3.55806508739699,-0.6166335590728103,-8,0.8438454666402333
2021-08-14,89102,0.9947905,3.55806508739699,-0.6166335590728103,-16,0.4674576546822626
2021-08-15,88687,0.988984,3.55806508739699,-0.6166335590728103,-9,0.796796990145487
2021-08-16,88135,0.9838265,3.55806508739699,-0.6166335590728103,-2,1.1261363256087114
2021-08-17,87462,0.978563,3.55806508739699,-0.6166335590728103,-5,0.9849908961244723
2021-08-18,86689,0.974122,3.55806508739699,-0.6166335590728103,-3,1.079087849113965
2021-08-19,85899,0.970464,3.4465364011476183,-0.6779565987052086,-5,0.9849908961244723
2021-08-20,85168,0.966869,3.4465364011476183,-0.6779565987052086,-8,0.8438454666402333
2021-08-21,84390,0.964582,3.4465364011476183,-0.6779565987052086,-18,0.3733607016927699
2021-08-22,83569,0.9623125,3.4465364011476183,-0.6779565987052086,-10,0.7497485136507406
2021-08-23,82761,0.960787,3.4465364011476183,-0.6779565987052086,0,1.220233278598204
2021-08-24,81958,0.959347,3.193493084472899,-0.8170901782262777,-2,1.1261363256087114
2021-08-25,81064,0.957632,3.193493084472899,-0.8170901782262777,-1,1.1731848021034577
2021-08-26,80148,0.9557665,3.193493084472899,-0.8170901782262777,-1,1.1731848021034577
2021-08-27,79183,0.953425,3.193493084472899,-0.8170901782262777,-5,0.9849908961244723
2021-08-28,78129,0.950787,3.193493084472899,-0.8170901782262777,-14,0.5615546076717552
2021-08-29,77026,0.9477625,3.193493084472899,-0.8170901782262777,-2,1.1261363256087114
2021-08-30,75792,0.9444125,3.193493084472899,-0.8170901782262777,1,1.2672817550929503
2021-08-31,74628,0.941141,3.193493084472899,-0.8170901782262777,-3,1.079087849113965
2021-09-01,73331,0.9383345,3.193493084472899,-0.8170901782262777,-4,1.0320393726192187
2021-09-02,72103,0.9363095,3.7035461270877814,-0.5366421249159217,-5,0.9849908961244723
2021-09-03,70909,0.9360065,3.7035461270877814,-0.5366421249159217,-8,0.8438454666402333
2021-09-04,69910,0.9372565,3.7035461270877814,-0.5366421249159217,-13,0.6086030841665017
2021-09-05,69064,0.940823,3.7035461270877814,-0.5366421249159217,-5,0.9849908961244723
2021-09-06,68472,0.9463075,3.7035461270877814,-0.5366421249159217,-3,1.079087849113965
2021-09-07,68189,0.954091,3.7035461270877814,-0.5366421249159217,-6,0.937942419629726
2021-09-08,68192,0.965285,3.7035461270877814,-0.5366421249159217,-6,0.937942419629726
2021-09-09,68568,0.978725,3.7035461270877814,-0.5366421249159217,-10,0.7497485136507406
2021-09-10,69408,0.99479,5.645893819051718,0.5313401897674709,-10,0.7497485136507406
2021-09-11,70639,1.01237,5.645893819051718,0.5313401897674709,-12,0.655651560661248
2021-09-12,72340,1.031535,5.645893819051718,0.5313401897674709,-7,0.8908939431349796
2021-09-13,74354,1.050275,5.645893819051718,0.5313401897674709,-6,0.937942419629726
2021-09-14,76805,1.068045,5.645893819051718,0.5313401897674709,-12,0.655651560661248
2021-09-15,79485,1.084525,5.645893819051718,0.5313401897674709,-6,0.937942419629726
2021-09-16,82411,1.09857,5.645893819051718,0.5313401897674709,-7,0.8908939431349796
2021-09-17,85431,1.10956,5.808180191565385,0.6205718842142421,-9,0.796796990145487
2021-09-18,88515,1.115825,5.808180191565385,0.6205718842142421,-12,0.655651560661248
2021-09-19,91590,1.1185,5.808180191565385,0.6205718842142421,-9,0.796796990145487
2021-09-20,94437,1.116975,5.808180191565385,0.6205718842142421,-6,0.937942419629726
2021-09-21,96980,1.111895,5.808180191565385,0.6205718842142421,-8,0.8438454666402333
2021-09-22,99348,1.10365,5.808180191565385,0.6205718842142421,-7,0.8908939431349796
2021-09-23,101253,1.09283,5.808180191565385,0.6205718842142421,-8,0.8438454666402333
2021-09-24,102767,1.081225,5.808180191565385,0.6205718842142421,-7,0.8908939431349796
2021-09-25,104050,1.068235,6.93084652998957,1.237859818649439,-13,0.6086030841665017
2021-09-26,104942,1.056445,6.93084652998957,1.237859818649439,-9,0.796796990145487
2021-09-27,105712,1.046,6.93084652998957,1.237859818649439,-11,0.7027000371559943
2021-09-28,106360,1.037945,6.93084652998957,1.237859818649439,-14,0.5615546076717552
2021-09-29,107006,1.032995,6.93084652998957,1.237859818649439,-10,0.7497485136507406
2021-09-30,107931,1.03072,6.93084652998957,1.237859818649439,-11,0.7027000371559943
2021-10-01,109144,1.0319,6.926164071339786,1.2352852111021413,-10,0.7497485136507406
2021-10-02,110679,1.036245,6.926164071339786,1.2352852111021413,-18,0.3733607016927699
2021-10-03,112704,1.043255,6.926164071339786,1.2352852111021413,-8,0.8438454666402333
2021-10-04,115188,1.052505,6.926164071339786,1.2352852111021413,-10,0.7497485136507406
2021-10-05,118146,1.063295,6.926164071339786,1.2352852111021413,-14,0.5615546076717552
2021-10-06,121453,1.07437,6.926164071339786,1.2352852111021413,-9,0.796796990145487
2021-10-07,125178,1.084405,5.086277623012661,0.22364028472327965,-10,0.7497485136507406
2021-10-08,129122,1.09254,5.086277623012661,0.22364028472327965,-10,0.7497485136507406
2021-10-09,132986,1.09774,5.086277623012661,0.22364028472327965,-11,0.7027000371559943
2021-10-10,136724,1.099225,5.086277623012661,0.22364028472327965,-8,0.8438454666402333
2021-10-11,140177,1.095785,5.086277623012661,0.22364028472327965,-8,0.8438454666402333
2021-10-12,142903,1.088335,5.086277623012661,0.22364028472327965,-12,0.655651560661248
2021-10-13,144790,1.075415,5.086277623012661,0.22364028472327965,-10,0.7497485136507406
2021-10-14,145587,1.058405,5.086277623012661,0.22364028472327965,-11,0.7027000371559943
2021-10-15,145368,1.0382,5.082699300850315,0.22167277663940982,-9,0.796796990145487
2021-10-16,143934,1.015105,5.082699300850315,0.22167277663940982,-12,0.655651560661248
2021-10-17,141396,0.9905845,5.082699300850315,0.22167277663940982,-10,0.7497485136507406
2021-10-18,137765,0.9657825,5.082699300850315,0.22167277663940982,-11,0.7027000371559943
2021-10-19,133412,0.9417245,5.082699300850315,0.22167277663940982,-13,0.6086030841665017
2021-10-20,128506,0.919305,5.082699300850315,0.22167277663940982,-11,0.7027000371559943
2021-10-21,123366,0.8994225,3.7405576932375775,-0.5162916499467622,-9,0.796796990145487
2021-10-22,118137,0.883448,3.7405576932375775,-0.5162916499467622,-10,0.7497485136507406
2021-10-23,113134,0.871115,3.7405576932375775,-0.5162916499467622,-13,0.6086030841665017
2021-10-24,108483,0.8632915,3.7405576932375775,-0.5162916499467622,-9,0.796796990145487
2021-10-25,104325,0.860149,3.7405576932375775,-0.5162916499467622,-1,1.1731848021034577
2021-10-26,100715,0.861636,3.34534388176771,-0.7335963904495617,-4,1.0320393726192187
2021-10-27,97803,0.867714,3.34534388176771,-0.7335963904495617,-2,1.1261363256087114
2021-10-28,95524,0.877562,3.34534388176771,-0.7335963904495617,-2,1.1261363256087114
2021-10-29,93906,0.8909525,3.34534388176771,-0.7335963904495617,-6,0.937942419629726
2021-10-30,92919,0.907539,3.34534388176771,-0.7335963904495617,-12,0.655651560661248
2021-10-31,92486,0.9262835,3.34534388176771,-0.7335963904495617,-13,0.6086030841665017
2021-11-01,92623,0.9463565,3.34534388176771,-0.7335963904495617,-10,0.7497485136507406
2021-11-02,93182,0.9667085,3.34534388176771,-0.7335963904495617,-10,0.7497485136507406
2021-11-03,94198,0.986012,5.281265236134068,0.33085246061617163,-10,0.7497485136507406
2021-11-04,95521,1.004135,5.281265236134068,0.33085246061617163,-10,0.7497485136507406
2021-11-05,97201,1.01976,5.281265236134068,0.33085246061617163,-10,0.7497485136507406
2021-11-06,99052,1.03325,5.281265236134068,0.33085246061617163,-14,0.5615546076717552
2021-11-07,101088,1.043715,5.281265236134068,0.33085246061617163,-7,0.8908939431349796
2021-11-08,103197,1.05181,5.281265236134068,0.33085246061617163,-10,0.7497485136507406
2021-11-09,105253,1.05702,5.281265236134068,0.33085246061617163,-11,0.7027000371559943
2021-11-10,107237,1.05963,5.281265236134068,0.33085246061617163,-11,0.7027000371559943
2021-11-11,108947,1.05965,5.281265236134068,0.33085246061617163,-10,0.7497485136507406
2021-11-12,110592,1.05744,5.15052445024442,0.25896582172261123,-11,0.7027000371559943
2021-11-13,112017,1.05306,5.15052445024442,0.25896582172261123,-11,0.7027000371559943
2021-11-14,113174,1.04733,5.15052445024442,0.25896582172261123,-7,0.8908939431349796
2021-11-15,113954,1.04049,5.15052445024442,0.25896582172261123,-9,0.796796990145487
2021-11-16,114442,1.03226,5.15052445024442,0.25896582172261123,-11,0.7027000371559943
2021-11-17,114557,1.023235,5.15052445024442,0.25896582172261123,-9,0.796796990145487
2021-11-18,114346,1.01341,6.878351196668973,1.208995734313889,-9,0.796796990145487
2021-11-19,113960,1.003655,6.878351196668973,1.208995734313889,-8,0.8438454666402333
2021-11-20,113249,0.994162,6.878351196668973,1.208995734313889,-10,0.7497485136507406
2021-11-21,112295,0.985243,6.878351196668973,1.208995734313889,-6,0.937942419629726
2021-11-22,111248,0.977738,6.878351196668973,1.208995734313889,-8,0.8438454666402333
2021-11-23,110222,0.9720045,6.878351196668973,1.208995734313889,-10,0.7497485136507406
2021-11-24,109175,0.968844,6.878351196668973,1.208995734313889,-9,0.796796990145487
2021-11-25,108316,0.968482,6.878351196668973,1.208995734313889,-6,0.937942419629726
2021-11-26,107794,0.971522,5.382309850581601,0.38641092817089334,-7,0.8908939431349796
2021-11-27,107881,0.9788195,5.382309850581601,0.38641092817089334,-16,0.4674576546822626
2021-11-28,108687,0.9906735,5.382309850581601,0.38641092817089334,-8,0.8438454666402333
2021-11-29,110364,1.007655,5.382309850581601,0.38641092817089334,-7,0.8908939431349796
2021-11-30,112911,1.02925,5.382309850581601,0.38641092817089334,-7,0.8908939431349796
2021-12-01,116687,1.055235,5.382309850581601,0.38641092817089334,-8,0.8438454666402333
2021-12-02,121631,1.084795,5.382309850581601,0.38641092817089334,-7,0.8908939431349796
2021-12-03,128063,1.117485,5.382309850581601,0.38641092817089334,-7,0.8908939431349796
2021-12-04,136028,1.15187,5.382309850581601,0.38641092817089334,-12,0.655651560661248
2021-12-05,145775,1.18666,5.765859481948062,0.5973022247175676,-7,0.8908939431349796
2021-12-06,157129,1.2208,5.765859481948062,0.5973022247175676,-8,0.8438454666402333
2021-12-07,170268,1.251635,5.765859481948062,0.5973022247175676,-14,0.5615546076717552
2021-12-08,185411,1.27886,5.765859481948062,0.5973022247175676,-8,0.8438454666402333
2021-12-09,202394,1.300885,5.765859481948062,0.5973022247175676,-5,0.9849908961244723
2021-12-10,221014,1.317215,5.765859481948062,0.5973022247175676,-6,0.937942419629726
2021-12-11,241330,1.32822,5.470048231091697,0.4346530833171742,-12,0.655651560661248
2021-12-12,263123,1.33373,5.470048231091697,0.4346530833171742,-7,0.8908939431349796
2021-12-13,286249,1.333855,5.470048231091697,0.4346530833171742,-4,1.0320393726192187
2021-12-14,309822,1.328035,5.470048231091697,0.4346530833171742,-6,0.937942419629726
2021-12-15,334250,1.31829,5.470048231091697,0.4346530833171742,-2,1.1261363256087114
2021-12-16,358332,1.305345,5.470048231091697,0.4346530833171742,-3,1.079087849113965
2021-12-17,381949,1.289165,5.470048231091697,0.4346530833171742,-6,0.937942419629726
2021-12-18,404931,1.2696,3.4301343336802677,-0.686975127185896,-14,0.5615546076717552
2021-12-19,426225,1.24756,3.4301343336802677,-0.686975127185896,-8,0.8438454666402333
2021-12-20,445657,1.222885,3.4301343336802677,-0.686975127185896,5,1.4554756610719357
2021-12-21,461958,1.19619,3.4301343336802677,-0.686975127185896,2,1.3143302315876968
2021-12-22,474806,1.16737,2.766070186879375,-1.0521047934824477,4,1.4084271845771894
2021-12-23,483479,1.13624,2.766070186879375,-1.0521047934824477,7,1.5495726140614283
2021-12-24,487782,1.103685,2.766070186879375,-1.0521047934824477,-17,0.4204091781875163
2021-12-25,486586,1.06916,2.766070186879375,-1.0521047934824477,-87,-2.8729841764447275
2021-12-26,480933,1.034825,2.766070186879375,-1.0521047934824477,-48,-1.0380935931496202
2021-12-27,470728,1.000745,2.4672595651415783,-1.2164031118400864,-15,0.5145061311770089
2021-12-28,456712,0.968044,2.4672595651415783,-1.2164031118400864,-14,0.5615546076717552
2021-12-29,439530,0.9375055,2.4672595651415783,-1.2164031118400864,-11,0.7027000371559943
2021-12-30,420472,0.909794,2.4672595651415783,-1.2164031118400864,-11,0.7027000371559943
2021-12-31,400286,0.8859215,2.4672595651415783,-1.2164031118400864,-20,0.27926374870327725
2022-01-01,379894,0.86582,2.4672595651415783,-1.2164031118400864,-63,-1.7438207405708153
2022-01-02,360085,0.849966,2.4672595651415783,-1.2164031118400864,-25,0.044021366229545535
2022-01-03,341913,0.838996,2.4672595651415783,-1.2164031118400864,-15,0.5145061311770089
2022-01-04,325632,0.8335995,2.4672595651415783,-1.2164031118400864,-25,0.044021366229545535
2022-01-05,311419,0.8340435,6.027004202429847,0.7408902878647411,-25,0.044021366229545535
2022-01-06,299750,0.839802,6.027004202429847,0.7408902878647411,-30,-0.19122101624418616
2022-01-07,290668,0.8506095,6.027004202429847,0.7408902878647411,-28,-0.09712406325469349
2022-01-08,284041,0.866514,6.027004202429847,0.7408902878647411,-32,-0.28531796923367886
2022-01-09,280200,0.8869385,6.027004202429847,0.7408902878647411,-22,0.18516679571378455
2022-01-10,278564,0.9105295,6.027004202429847,0.7408902878647411,-22,0.18516679571378455
2022-01-11,279219,0.936916,6.027004202429847,0.7408902878647411,-23,0.13811831921903822
2022-01-12,282210,0.9647585,6.027004202429847,0.7408902878647411,-21,0.2322152722085309
2022-01-13,287042,0.9924,6.027004202429847,0.7408902878647411,-22,0.18516679571378455
2022-01-14,293686,1.018815,6.027004202429847,0.7408902878647411,-21,0.2322152722085309
2022-01-15,301792,1.042635,7.106513072598874,1.3344484786326674,-22,0.18516679571378455
2022-01-16,310954,1.062775,7.106513072598874,1.3344484786326674,-19,0.32631222519802355
2022-01-17,320779,1.078415,7.106513072598874,1.3344484786326674,-19,0.32631222519802355
2022-01-18,330505,1.088745,7.106513072598874,1.3344484786326674,-22,0.18516679571378455
2022-01-19,339541,1.09341,7.106513072598874,1.3344484786326674,-20,0.27926374870327725
2022-01-20,347777,1.09229,4.851616142672019,0.0946137916921425,-19,0.32631222519802355
2022-01-21,354029,1.08556,4.851616142672019,0.0946137916921425,-19,0.32631222519802355
2022-01-22,357835,1.07285,4.851616142672019,0.0946137916921425,-19,0.32631222519802355
2022-01-23,359073,1.055245,4.851616142672019,0.0946137916921425,-19,0.32631222519802355
2022-01-24,357572,1.03383,4.851616142672019,0.0946137916921425,-18,0.3733607016927699
2022-01-25,352921,1.00973,4.851616142672019,0.0946137916921425,-20,0.27926374870327725
2022-01-26,345486,0.984412,4.851616142672019,0.0946137916921425,-17,0.4204091781875163
2022-01-27,335749,0.9590985,4.851616142672019,0.0946137916921425,-17,0.4204091781875163
2022-01-28,324572,0.9351245,4.851616142672019,0.0946137916921425,-15,0.5145061311770089
2022-01-29,312063,0.9134525,6.520935566825554,1.01247398218709,-16,0.4674576546822626
2022-01-30,298974,0.8944705,6.520935566825554,1.01247398218709,-12,0.655651560661248
2022-01-31,285893,0.878372,6.520935566825554,1.01247398218709,-15,0.5145061311770089
2022-02-01,273469,0.866603,6.520935566825554,1.01247398218709,-16,0.4674576546822626
2022-02-02,261906,0.859082,6.520935566825554,1.01247398218709,-15,0.5145061311770089
2022-02-03,251409,0.85587,5.194587568231177,0.2831935287054338,-15,0.5145061311770089
2022-02-04,242366,0.856902,5.194587568231177,0.2831935287054338,-16,0.4674576546822626
2022-02-05,234627,0.861074,5.194587568231177,0.2831935287054338,-17,0.4204091781875163
2022-02-06,227900,0.8689395,5.194587568231177,0.2831935287054338,-17,0.4204091781875163
2022-02-07,222386,0.8789645,5.194587568231177,0.2831935287054338,-15,0.5145061311770089
2022-02-08,218059,0.890331,5.194587568231177,0.2831935287054338,-15,0.5145061311770089
2022-02-09,214577,0.902589,3.5901245447617702,-0.5990059563394851,-14,0.5615546076717552
2022-02-10,211698,0.915065,3.5901245447617702,-0.5990059563394851,-14,0.5615546076717552
2022-02-11,209497,0.927102,3.5901245447617702,-0.5990059563394851,-12,0.655651560661248
2022-02-12,207780,0.938622,3.5901245447617702,-0.5990059563394851,-16,0.4674576546822626
2022-02-13,206440,0.9492155,3.5901245447617702,-0.5990059563394851,-16,0.4674576546822626
2022-02-14,205554,0.9589855,3.5901245447617702,-0.5990059563394851,-4,1.0320393726192187
2022-02-15,205295,0.96879,3.5901245447617702,-0.5990059563394851,-15,0.5145061311770089
2022-02-16,205414,0.9787015,3.5901245447617702,-0.5990059563394851,-14,0.5615546076717552
2022-02-17,206378,0.9891515,3.5901245447617702,-0.5990059563394851,-10,0.7497485136507406
2022-02-18,207918,1.00076,3.4133379472251804,-0.696210468396348,-32,-0.28531796923367886
2022-02-19,210604,1.01374,3.4133379472251804,-0.696210468396348,-21,0.2322152722085309
2022-02-20,214363,1.028675,3.4133379472251804,-0.696210468396348,-22,0.18516679571378455
2022-02-21,219175,1.045335,3.4133379472251804,-0.696210468396348,-13,0.6086030841665017
2022-02-22,225681,1.063325,3.4133379472251804,-0.696210468396348,-11,0.7027000371559943
2022-02-23,233666,1.08208,3.4133379472251804,-0.696210468396348,-10,0.7497485136507406
2022-02-24,242945,1.1018,3.4133379472251804,-0.696210468396348,-13,0.6086030841665017
2022-02-25,253783,1.121045,3.4133379472251804,-0.696210468396348,-9,0.796796990145487
2022-02-26,266155,1.13998,6.3642286771070244,0.926310115902568,-12,0.655651560661248
2022-02-27,280001,1.156845,NA,NA,-8,0.8438454666402333
2022-02-28,295228,1.17144,NA,NA,-14,0.5615546076717552
2022-03-01,311482,1.18273,NA,NA,-17,0.4204091781875163
2022-03-02,328740,1.19079,NA,NA,-17,0.4204091781875163
2022-03-03,346549,1.195455,NA,NA,-16,0.4674576546822626
2022-03-04,364703,1.197005,NA,NA,-14,0.5615546076717552
2022-03-05,382957,1.19449,NA,NA,-14,0.5615546076717552
2022-03-06,400989,1.189125,NA,NA,-11,0.7027000371559943
2022-03-07,418539,1.18211,NA,NA,-15,0.5145061311770089
2022-03-08,434990,1.1722,NA,NA,-16,0.4674576546822626
2022-03-09,450333,1.1608,NA,NA,-17,0.4204091781875163
2022-03-10,464560,1.148205,NA,NA,-16,0.4674576546822626
2022-03-11,477567,1.13452,NA,NA,-19,0.32631222519802355
2022-03-12,488454,1.12022,NA,NA,-17,0.4204091781875163
2022-03-13,497872,1.105295,NA,NA,-16,0.4674576546822626
2022-03-14,505467,1.08994,NA,NA,-16,0.4674576546822626
2022-03-15,510545,1.07444,NA,NA,-17,0.4204091781875163
2022-03-16,513734,1.058665,NA,NA,-20,0.27926374870327725
2022-03-17,514956,1.04292,NA,NA,-13,0.6086030841665017
2022-03-18,513949,1.02737,NA,NA,-14,0.5615546076717552
2022-03-19,510836,1.012235,NA,NA,-16,0.4674576546822626
2022-03-20,506128,0.9979685,NA,NA,-12,0.655651560661248
2022-03-21,499767,0.9844865,NA,NA,-15,0.5145061311770089
2022-03-22,491878,0.971985,NA,NA,-16,0.4674576546822626
2022-03-23,482630,0.9607655,NA,NA,-13,0.6086030841665017
2022-03-24,473256,0.950963,NA,NA,-12,0.655651560661248
2022-03-25,463446,0.9425775,NA,NA,-11,0.7027000371559943
2022-03-26,453539,0.935682,NA,NA,-12,0.655651560661248
2022-03-27,443946,0.930281,NA,NA,-10,0.7497485136507406
2022-03-28,434469,0.9265695,NA,NA,-14,0.5615546076717552
2022-03-29,425348,0.9242345,NA,NA,-18,0.3733607016927699
2022-03-30,416490,0.9225975,NA,NA,-18,0.3733607016927699
2022-03-31,407808,0.9220275,NA,NA,-16,0.4674576546822626
2022-04-01,399246,0.9211785,NA,NA,-16,0.4674576546822626
2022-04-02,390215,0.919035,NA,NA,-17,0.4204091781875163
2022-04-03,380839,0.915693,NA,NA,-14,0.5615546076717552
2022-04-04,370691,0.9110935,NA,NA,-17,0.4204091781875163
2022-04-05,359351,0.903869,NA,NA,-16,0.4674576546822626
2022-04-06,346464,0.8944615,NA,NA,-16,0.4674576546822626
2022-04-07,332358,0.882031,NA,NA,-16,0.4674576546822626
2022-04-08,316972,0.867494,NA,NA,-13,0.6086030841665017
2022-04-09,300317,0.851339,NA,NA,-16,0.4674576546822626
2022-04-10,282728,0.8336825,NA,NA,-10,0.7497485136507406
2022-04-11,264724,0.815186,NA,NA,-7,0.8908939431349796
2022-04-12,246408,0.7973325,NA,NA,-11,0.7027000371559943
2022-04-13,228523,0.7805125,NA,NA,-7,0.8908939431349796
2022-04-14,211508,0.7662585,NA,NA,1,1.2672817550929503
2022-04-15,195580,0.75471,NA,NA,-10,0.7497485136507406
2022-04-16,181022,0.7469205,NA,NA,-20,0.27926374870327725
2022-04-17,168099,0.743105,NA,NA,-33,-0.33236644572842516
2022-04-18,156673,0.743932,NA,NA,-5,0.9849908961244723
2022-04-19,146916,0.749046,NA,NA,-13,0.6086030841665017
2022-04-20,138774,0.75846,NA,NA,-11,0.7027000371559943
2022-04-21,132071,0.772508,NA,NA,-10,0.7497485136507406
2022-04-22,126652,0.7904215,NA,NA,-13,0.6086030841665017
2022-04-23,122547,0.811423,NA,NA,-16,0.4674576546822626
2022-04-24,119423,0.834538,NA,NA,-12,0.655651560661248
2022-04-25,117305,0.8589345,NA,NA,-12,0.655651560661248
2022-04-26,115790,0.882514,NA,NA,-12,0.655651560661248
2022-04-27,114793,0.9045765,NA,NA,-12,0.655651560661248
2022-04-28,114158,0.924178,NA,NA,-10,0.7497485136507406
2022-04-29,113666,0.9404275,NA,NA,-8,0.8438454666402333
2022-04-30,113195,0.95276400000000006,NA,NA,-10,0.7497485136507406
2022-05-01,112559,0.9599405,NA,NA,-1,1.1731848021034577
2022-05-02,111744,0.9628475,NA,NA,0,1.220233278598204
2022-05-03,110682,0.9618385,NA,NA,-13,0.6086030841665017
2022-05-04,109229,0.957691,NA,NA,-13,0.6086030841665017
2022-05-05,107322,0.951106,NA,NA,-7,0.8908939431349796
2022-05-06,105091,0.942869,NA,NA,-11,0.7027000371559943
2022-05-07,102632,0.9343245,NA,NA,-12,0.655651560661248
2022-05-08,100081,0.9259725,NA,NA,-6,0.937942419629726
2022-05-09,97445,0.9190375,NA,NA,-11,0.7027000371559943
2022-05-10,94916,0.9135835,NA,NA,-12,0.655651560661248
2022-05-11,92633,0.9107565,NA,NA,-13,0.6086030841665017
2022-05-12,90578,0.9107085,NA,NA,-10,0.7497485136507406
2022-05-13,88906,0.914348,NA,NA,-10,0.7497485136507406
2022-05-14,87624,0.921669,NA,NA,-14,0.5615546076717552
2022-05-15,86838,0.9325165,NA,NA,-11,0.7027000371559943
2022-05-16,86591,0.9463425,NA,NA,-12,0.655651560661248
2022-05-17,86969,0.9629175,NA,NA,-11,0.7027000371559943
2022-05-18,87904,0.9822975,NA,NA,-10,0.7497485136507406
2022-05-19,89380,1.002685,NA,NA,-9,0.796796990145487
2022-05-20,91368,1.024655,NA,NA,-12,0.655651560661248
2022-05-21,93947,1.04575,NA,NA,-13,0.6086030841665017
2022-05-22,96997,1.06622,NA,NA,-8,0.8438454666402333
2022-05-23,100492,1.08558,NA,NA,-12,0.655651560661248
2022-05-24,104360,1.10279,NA,NA,-12,0.655651560661248
2022-05-25,108613,1.116985,NA,NA,-10,0.7497485136507406
2022-05-26,113211,1.12876,NA,NA,-8,0.8438454666402333
2022-05-27,118070,1.137795,NA,NA,-7,0.8908939431349796
2022-05-28,123138,1.14401,NA,NA,-13,0.6086030841665017
2022-05-29,128372,1.147975,NA,NA,-7,0.8908939431349796
2022-05-30,133813,1.15003,NA,NA,-2,1.1261363256087114
2022-05-31,139338,1.150905,NA,NA,-1,1.1731848021034577
2022-06-01,144989,1.15119,NA,NA,9,1.6436695670509212
2022-06-02,150828,1.150265,NA,NA,7,1.5495726140614283
2022-06-03,156808,1.1493,NA,NA,-13,0.6086030841665017
2022-06-04,162937,1.148915,NA,NA,-23,0.13811831921903822
2022-06-05,169377,1.14853,NA,NA,-21,0.2322152722085309
2022-06-06,176009,1.1478,NA,NA,-12,0.655651560661248
2022-06-07,183046,1.147375,NA,NA,-12,0.655651560661248
2022-06-08,190393,1.14762,NA,NA,-12,0.655651560661248
2022-06-09,198068,1.148075,NA,NA,-11,0.7027000371559943
2022-06-10,205956,1.14821,NA,NA,-10,0.7497485136507406
2022-06-11,214153,1.14859,NA,NA,-15,0.5145061311770089
2022-06-12,222750,1.149095,NA,NA,-8,0.8438454666402333
2022-06-13,231756,1.149615,NA,NA,-9,0.796796990145487
2022-06-14,241254,1.15035,NA,NA,-9,0.796796990145487
2022-06-15,251177,1.151605,NA,NA,-8,0.8438454666402333
2022-06-16,261648,1.152905,NA,NA,-7,0.8908939431349796
2022-06-17,272596,1.154755,NA,NA,-11,0.7027000371559943
2022-06-18,284699,1.157385,NA,NA,-16,0.4674576546822626
2022-06-19,297470,1.160045,NA,NA,-5,0.9849908961244723
2022-06-20,311254,1.163245,NA,NA,-8,0.8438454666402333
2022-06-21,325716,1.16575,NA,NA,-10,0.7497485136507406
2022-06-22,340426,1.167185,NA,NA,-10,0.7497485136507406
2022-06-23,355527,1.16757,NA,NA,-11,0.7027000371559943
2022-06-24,370732,1.165365,NA,NA,-10,0.7497485136507406
2022-06-25,385388,1.16028,NA,NA,-14,0.5615546076717552
2022-06-26,398807,1.15078,NA,NA,-7,0.8908939431349796
2022-06-27,410313,1.137665,NA,NA,-9,0.796796990145487
2022-06-28,419667,1.120665,NA,NA,-10,0.7497485136507406
2022-06-29,425443,1.10002,NA,NA,-8,0.8438454666402333
2022-06-30,427321,1.075215,NA,NA,-6,0.937942419629726
2022-07-01,425372,1.047065,NA,NA,-9,0.796796990145487
2022-07-02,419160,1.017185,NA,NA,-14,0.5615546076717552
2022-07-03,409260,0.9859255,NA,NA,-8,0.8438454666402333
2022-07-04,395900,0.955031,NA,NA,-8,0.8438454666402333
2022-07-05,379526,0.9247505,NA,NA,-9,0.796796990145487
2022-07-06,361186,0.896389,NA,NA,-9,0.796796990145487
2022-07-07,341938,0.870518,NA,NA,-7,0.8908939431349796
2022-07-08,322223,0.8475535,NA,NA,-9,0.796796990145487
2022-07-09,302781,0.8281205,NA,NA,-16,0.4674576546822626
2022-07-10,284200,0.812819,NA,NA,-10,0.7497485136507406
2022-07-11,266772,0.801557,NA,NA,-7,0.8908939431349796
2022-07-12,250773,0.7946735,NA,NA,-10,0.7497485136507406
2022-07-13,236328,0.791344,NA,NA,-7,0.8908939431349796
2022-07-14,223364,0.79211,NA,NA,-6,0.937942419629726
2022-07-15,212165,0.796423,NA,NA,-13,0.6086030841665017
2022-07-16,202608,0.8041775,NA,NA,-16,0.4674576546822626
2022-07-17,194522,0.8148785,NA,NA,-11,0.7027000371559943
2022-07-18,187769,0.827651,NA,NA,-13,0.6086030841665017
2022-07-19,182077,0.842795,NA,NA,-16,0.4674576546822626
2022-07-20,177396,0.857742,NA,NA,-5,0.9849908961244723
2022-07-21,173405,0.87368,NA,NA,-4,1.0320393726192187
2022-07-22,170259,0.8887595,NA,NA,-9,0.796796990145487
2022-07-23,167695,0.9033085,NA,NA,-15,0.5145061311770089
2022-07-24,165637,0.9166925,NA,NA,-12,0.655651560661248
2022-07-25,163751,0.9275995,NA,NA,-4,1.0320393726192187
2022-07-26,161976,0.935726,NA,NA,-4,1.0320393726192187
2022-07-27,160048,0.9411715,NA,NA,-3,1.079087849113965
2022-07-28,157948,0.943125,NA,NA,-2,1.1261363256087114
2022-07-29,155505,0.941715,NA,NA,-4,1.0320393726192187
2022-07-30,152424,0.937556,NA,NA,-13,0.6086030841665017
2022-07-31,148871,0.9301965,NA,NA,-7,0.8908939431349796
2022-08-01,144524,0.9206275,NA,NA,-1,1.1731848021034577
2022-08-02,139836,0.9092075,NA,NA,-4,1.0320393726192187
2022-08-03,134732,0.8962065,NA,NA,-3,1.079087849113965
2022-08-04,129278,0.882993,NA,NA,-3,1.079087849113965
2022-08-05,123677,0.8705075,NA,NA,-7,0.8908939431349796
2022-08-06,118013,0.8590165,NA,NA,-15,0.5145061311770089
2022-08-07,112498,0.8493965,NA,NA,-7,0.8908939431349796
2022-08-08,107321,0.842525,NA,NA,-3,1.079087849113965
2022-08-09,102433,0.8386275,NA,NA,-5,0.9849908961244723
2022-08-10,98059,0.8380985,NA,NA,-5,0.9849908961244723
2022-08-11,94302,0.840844,NA,NA,-7,0.8908939431349796
2022-08-12,91057,0.8470875,NA,NA,-12,0.655651560661248
2022-08-13,88414,0.856473,NA,NA,-20,0.27926374870327725
2022-08-14,86253,0.8682735,NA,NA,-12,0.655651560661248
2022-08-15,84554,0.882075,NA,NA,-5,0.9849908961244723
2022-08-16,83272,0.89625,NA,NA,-6,0.937942419629726
2022-08-17,82400,0.911256,NA,NA,-6,0.937942419629726
2022-08-18,81759,0.9259965,NA,NA,-5,0.9849908961244723
2022-08-19,81316,0.939831,NA,NA,-8,0.8438454666402333
2022-08-20,80994,0.9523005,NA,NA,-15,0.5145061311770089
2022-08-21,80929,0.9628075,NA,NA,-7,0.8908939431349796
2022-08-22,80896,0.9719725,NA,NA,-4,1.0320393726192187
2022-08-23,80914,0.979579,NA,NA,-4,1.0320393726192187
2022-08-24,81081,0.985832,NA,NA,-4,1.0320393726192187
2022-08-25,81295,0.9910185,NA,NA,-5,0.9849908961244723
2022-08-26,81580,0.9965765,NA,NA,-5,0.9849908961244723
2022-08-27,82047,1.00247,NA,NA,-14,0.5615546076717552
2022-08-28,82693,1.008835,NA,NA,-1,1.1731848021034577
2022-08-29,83591,1.016165,NA,NA,0,1.220233278598204
2022-08-30,84860,1.024855,NA,NA,-4,1.0320393726192187
2022-08-31,86375,1.03473,NA,NA,-2,1.1261363256087114
2022-09-01,88239,1.045955,NA,NA,-6,0.937942419629726
2022-09-02,90502,1.058275,NA,NA,-9,0.796796990145487
2022-09-03,93146,1.071385,NA,NA,-12,0.655651560661248
2022-09-04,96188,1.08498,NA,NA,-9,0.796796990145487
2022-09-05,99612,1.098105,NA,NA,-7,0.8908939431349796
2022-09-06,103578,1.11134,NA,NA,-12,0.655651560661248
2022-09-07,107872,1.12383,NA,NA,-11,0.7027000371559943
2022-09-08,112641,1.13523,NA,NA,-12,0.655651560661248
2022-09-09,117751,1.145585,NA,NA,-13,0.6086030841665017
2022-09-10,123320,1.15409,NA,NA,-15,0.5145061311770089
2022-09-11,129176,1.16106,NA,NA,-10,0.7497485136507406
2022-09-12,135239,1.165725,NA,NA,-11,0.7027000371559943
2022-09-13,141677,1.16937,NA,NA,-11,0.7027000371559943
2022-09-14,148393,1.1714,NA,NA,-10,0.7497485136507406
2022-09-15,155283,1.172345,NA,NA,-9,0.796796990145487
2022-09-16,162192,1.1705,NA,NA,-9,0.796796990145487
2022-09-17,169355,1.16767,NA,NA,-11,0.7027000371559943
2022-09-18,176312,1.16339,NA,NA,-1,1.1731848021034577
2022-09-19,183269,1.157645,NA,NA,-60,-1.6026753110865763
2022-09-20,189876,1.150305,NA,NA,-8,0.8438454666402333
2022-09-21,196055,1.141305,NA,NA,-9,0.796796990145487
2022-09-22,201648,1.130835,NA,NA,-10,0.7497485136507406
2022-09-23,206792,1.11863,NA,NA,-10,0.7497485136507406
2022-09-24,211069,1.10544,NA,NA,-11,0.7027000371559943
2022-09-25,214365,1.09092,NA,NA,-7,0.8908939431349796
2022-09-26,216728,1.075415,NA,NA,-10,0.7497485136507406
2022-09-27,218185,1.05945,NA,NA,-11,0.7027000371559943
2022-09-28,218658,1.043515,NA,NA,-7,0.8908939431349796
2022-09-29,218316,1.0277,NA,NA,-8,0.8438454666402333
2022-09-30,217045,1.012495,NA,NA,-12,0.655651560661248
2022-10-01,215286,0.9987785,NA,NA,-8,0.8438454666402333
2022-10-02,212864,0.986909,NA,NA,-6,0.937942419629726
2022-10-03,210146,0.9769335,NA,NA,-8,0.8438454666402333
2022-10-04,207472,0.969214,NA,NA,-11,0.7027000371559943
2022-10-05,204865,0.964019,NA,NA,-13,0.6086030841665017
2022-10-06,202631,0.96081,NA,NA,-9,0.796796990145487
2022-10-07,200469,0.9594845,NA,NA,-12,0.655651560661248
2022-10-08,198643,0.9599375,NA,NA,-9,0.796796990145487
2022-10-09,197016,0.9614885,NA,NA,-8,0.8438454666402333
2022-10-10,195511,0.963359,NA,NA,-10,0.7497485136507406
2022-10-11,194152,0.9651895,NA,NA,-11,0.7027000371559943
2022-10-12,192694,0.965495,NA,NA,-11,0.7027000371559943
2022-10-13,190741,0.9637345,NA,NA,-9,0.796796990145487
2022-10-14,188366,0.95939,NA,NA,-10,0.7497485136507406
2022-10-15,185112,0.9519715,NA,NA,-11,0.7027000371559943
2022-10-16,180975,0.941449,NA,NA,NA,NA
2022-10-17,175845,0.9280885,NA,NA,NA,NA
2022-10-18,169784,0.9122015,NA,NA,NA,NA
2022-10-19,162776,0.894471,NA,NA,NA,NA
2022-10-20,154979,0.8755885,NA,NA,NA,NA
2022-10-21,146745,0.8569595,NA,NA,NA,NA
2022-10-22,138493,0.8392615,NA,NA,NA,NA
2022-10-23,130205,0.822933,NA,NA,NA,NA
2022-10-24,122399,0.8100295,NA,NA,NA,NA
2022-10-25,115035,0.800802,NA,NA,NA,NA
2022-10-26,108420,0.7957595,NA,NA,NA,NA
2022-10-27,102442,0.7952715,NA,NA,NA,NA
2022-10-28,97464,0.7997845,NA,NA,NA,NA
2022-10-29,93447,0.809247,NA,NA,NA,NA
2022-10-30,90338,0.8246395,NA,NA,NA,NA
2022-10-31,88148,0.8445695,NA,NA,NA,NA
2022-11-01,86896,0.869049,NA,NA,NA,NA
2022-11-02,86482,0.897837,NA,NA,NA,NA
2022-11-03,86879,0.9287865,NA,NA,NA,NA
2022-11-04,88065,0.9615285,NA,NA,NA,NA
2022-11-05,89947,0.994244,NA,NA,NA,NA
2022-11-06,92557,1.0251,NA,NA,NA,NA
2022-11-07,95761,1.05363,NA,NA,NA,NA
2022-11-08,99531,1.078945,NA,NA,NA,NA
2022-11-09,103631,1.100095,NA,NA,NA,NA
2022-11-10,107990,1.116745,NA,NA,NA,NA
2022-11-11,112371,1.126955,NA,NA,NA,NA
2022-11-12,116708,1.13153,NA,NA,NA,NA
2022-11-13,120950,1.13165,NA,NA,NA,NA
2022-11-14,124740,1.12624,NA,NA,NA,NA
2022-11-15,127998,1.11717,NA,NA,NA,NA
2022-11-16,130718,1.104975,NA,NA,NA,NA
2022-11-17,132820,1.091505,NA,NA,NA,NA
2022-11-18,134376,1.07652,NA,NA,NA,NA
2022-11-19,135467,1.061995,NA,NA,NA,NA
2022-11-20,136198,1.04871,NA,NA,NA,NA
2022-11-21,136800,1.037815,NA,NA,NA,NA
2022-11-22,137305,1.03016,NA,NA,NA,NA
2022-11-23,138057,1.02623,NA,NA,NA,NA
2022-11-24,139234,1.026325,NA,NA,NA,NA
2022-11-25,140883,1.029815,NA,NA,NA,NA
2022-11-26,143308,1.037975,NA,NA,NA,NA
2022-11-27,146520,1.049655,NA,NA,NA,NA
2022-11-28,150647,1.06412,NA,NA,NA,NA
2022-11-29,155740,1.080835,NA,NA,NA,NA
2022-11-30,161792,1.099485,NA,NA,NA,NA
2022-12-01,168910,1.118545,NA,NA,NA,NA
2022-12-02,177175,1.13765,NA,NA,NA,NA
2022-12-03,186510,1.155595,NA,NA,NA,NA
2022-12-04,196943,1.171465,NA,NA,NA,NA
2022-12-05,208084,1.18475,NA,NA,NA,NA
2022-12-06,220003,1.19535,NA,NA,NA,NA
2022-12-07,232536,1.20274,NA,NA,NA,NA
2022-12-08,245655,1.206275,NA,NA,NA,NA
2022-12-09,258960,1.206195,NA,NA,NA,NA
2022-12-10,272174,1.202245,NA,NA,NA,NA
2022-12-11,284985,1.194435,NA,NA,NA,NA
2022-12-12,296807,1.182285,NA,NA,NA,NA
2022-12-13,307446,1.166555,NA,NA,NA,NA
2022-12-14,315920,1.146995,NA,NA,NA,NA
2022-12-15,322025,1.122955,NA,NA,NA,NA
2022-12-16,324931,1.09567,NA,NA,NA,NA
2022-12-17,324609,1.06466,NA,NA,NA,NA
2022-12-18,320431,1.030335,NA,NA,NA,NA
2022-12-19,312259,0.9933755,NA,NA,NA,NA
2022-12-20,300802,0.9553445,NA,NA,NA,NA
2022-12-21,285903,0.91631,NA,NA,NA,NA
2022-12-22,268452,0.8768025,NA,NA,NA,NA
2022-12-23,249092,0.8385925,NA,NA,NA,NA
2022-12-24,228625,0.802279,NA,NA,NA,NA
2022-12-25,208106,0.768389,NA,NA,NA,NA
2022-12-26,188111,0.738449,NA,NA,NA,NA
2022-12-27,169332,0.7130485,NA,NA,NA,NA
2022-12-28,152359,0.692665,NA,NA,NA,NA
2022-12-29,137209,0.67775,NA,NA,NA,NA
2022-12-30,123987,0.6695265,NA,NA,NA,NA
2022-12-31,112776,0.6670775,NA,NA,NA,NA
2023-01-01,103477,0.6725595,NA,NA,NA,NA
2023-01-02,95985,0.684244,NA,NA,NA,NA
2023-01-03,90052,0.70233,NA,NA,NA,NA
2023-01-04,85677,0.726808,NA,NA,NA,NA
2023-01-05,82458,0.756872,NA,NA,NA,NA
2023-01-06,80424,0.7917155,NA,NA,NA,NA
2023-01-07,79298,0.82975,NA,NA,NA,NA
2023-01-08,78973,0.869169,NA,NA,NA,NA
2023-01-09,79338,0.90913,NA,NA,NA,NA
2023-01-10,80405,0.9468765,NA,NA,NA,NA
2023-01-11,81919,0.980959,NA,NA,NA,NA
2023-01-12,83914,1.01118,NA,NA,NA,NA
2023-01-13,86247,1.037285,NA,NA,NA,NA
2023-01-14,88752,1.057765,NA,NA,NA,NA
2023-01-15,91525,1.074265,NA,NA,NA,NA
2023-01-16,94397,1.087355,NA,NA,NA,NA
2023-01-17,97472,1.09631,NA,NA,NA,NA
2023-01-18,100580,1.102675,NA,NA,NA,NA
2023-01-19,103800,1.10697,NA,NA,NA,NA
2023-01-20,107121,1.109855,NA,NA,NA,NA
2023-01-21,110545,1.112565,NA,NA,NA,NA
2023-01-22,114182,1.11386,NA,NA,NA,NA
2023-01-23,117874,1.114355,NA,NA,NA,NA
2023-01-24,121579,1.11456,NA,NA,NA,NA
2023-01-25,125546,1.11401,NA,NA,NA,NA
2023-01-26,129484,1.11313,NA,NA,NA,NA
2023-01-27,133252,1.111145,NA,NA,NA,NA
2023-01-28,136853,1.107565,NA,NA,NA,NA
2023-01-29,140260,1.102645,NA,NA,NA,NA
2023-01-30,143502,1.096825,NA,NA,NA,NA
2023-01-31,146368,1.08967,NA,NA,NA,NA
2023-02-01,148953,1.08178,NA,NA,NA,NA
2023-02-02,151155,1.07323,NA,NA,NA,NA
2023-02-03,153040,1.0643,NA,NA,NA,NA
2023-02-04,154482,1.055555,NA,NA,NA,NA
2023-02-05,155683,1.047095,NA,NA,NA,NA
2023-02-06,156671,1.03884,NA,NA,NA,NA
2023-02-07,157333,1.031165,NA,NA,NA,NA
2023-02-08,157886,1.024315,NA,NA,NA,NA
2023-02-09,158285,1.018125,NA,NA,NA,NA
2023-02-10,158422,1.01205,NA,NA,NA,NA
2023-02-11,158389,1.00728,NA,NA,NA,NA
2023-02-12,158209,1.00287,NA,NA,NA,NA
2023-02-13,157852,0.9982745,NA,NA,NA,NA
2023-02-14,157410,0.9943055,NA,NA,NA,NA
2023-02-15,156890,0.9904745,NA,NA,NA,NA
2023-02-16,156163,0.987202,NA,NA,NA,NA
2023-02-17,155335,0.983879,NA,NA,NA,NA
2023-02-18,154365,0.9815735,NA,NA,NA,NA
2023-02-19,153282,0.979682,NA,NA,NA,NA
2023-02-20,152437,0.977896,NA,NA,NA,NA
2023-02-21,151814,0.97744,NA,NA,NA,NA
2023-02-22,151058,0.9776235,NA,NA,NA,NA
2023-02-23,150317,0.9782835,NA,NA,NA,NA
2023-02-24,149593,0.980671,NA,NA,NA,NA
2023-02-25,149426,0.983057,NA,NA,NA,NA
2023-02-26,149513,0.98618,NA,NA,NA,NA
2023-02-27,149697,0.9884275,NA,NA,NA,NA
2023-02-28,149338,0.9892535,NA,NA,NA,NA
